{
    "name": "root",
    "metadata": {
        "timer_format_version": "0.1.0",
        "start_time_seconds": "1619974108",
        "python_version": "3.8.5 (v3.8.5:580fbb018f, Jul 20 2020, 12:11:27) \n[Clang 6.0 (clang-600.0.57)]",
        "command_line_arguments": "/Library/Frameworks/Python.framework/Versions/3.8/bin/mlagents-learn config/gailthing.yaml --run-id=PedestrianGail",
        "mlagents_version": "0.21.0",
        "mlagents_envs_version": "0.21.0",
        "communication_protocol_version": "1.2.0",
        "tensorflow_version": "2.3.0",
        "numpy_version": "1.18.5",
        "end_time_seconds": "1619974114"
    },
    "total": 6.202834556999999,
    "count": 1,
    "self": 0.17898239999999888,
    "children": {
        "run_training.setup": {
            "total": 0.012471729000000042,
            "count": 1,
            "self": 0.012471729000000042
        },
        "TrainerController.start_learning": {
            "total": 6.011380428,
            "count": 1,
            "self": 0.00011392499999818284,
            "children": {
                "TrainerController._reset_env": {
                    "total": 6.010886384000001,
                    "count": 1,
                    "self": 5.760596747,
                    "children": {
                        "demo_to_buffer": {
                            "total": 0.25028963700000073,
                            "count": 1,
                            "self": 2.3593000001653763e-05,
                            "children": {
                                "load_demonstration": {
                                    "total": 0.0027075949999995075,
                                    "count": 1,
                                    "self": 0.002672102999999204,
                                    "children": {
                                        "read_file": {
                                            "total": 3.549200000030339e-05,
                                            "count": 1,
                                            "self": 3.549200000030339e-05
                                        }
                                    }
                                },
                                "make_demo_buffer": {
                                    "total": 0.24755844899999957,
                                    "count": 1,
                                    "self": 0.04659509000001982,
                                    "children": {
                                        "steps_from_proto": {
                                            "total": 0.20096335899997975,
                                            "count": 1152,
                                            "self": 0.10982825299997678,
                                            "children": {
                                                "_process_vector_observation": {
                                                    "total": 0.09113510600000296,
                                                    "count": 4608,
                                                    "self": 0.09113510600000296
                                                }
                                            }
                                        }
                                    }
                                }
                            }
                        }
                    }
                },
                "TrainerController._save_models": {
                    "total": 0.00038011900000078924,
                    "count": 1,
                    "self": 9.4143000000102e-05,
                    "children": {
                        "RLTrainer._checkpoint": {
                            "total": 0.00028597600000068724,
                            "count": 1,
                            "self": 0.00028597600000068724
                        }
                    }
                }
            }
        }
    }
}