{
    "name": "root",
    "gauges": {
        "PedestrianAgent.Policy.Entropy.mean": {
            "value": 2.704806327819824,
            "min": 2.704806327819824,
            "max": 2.704806327819824,
            "count": 1
        },
        "PedestrianAgent.Policy.ExtrinsicValueEstimate.mean": {
            "value": -2.0562212467193604,
            "min": -2.0562212467193604,
            "max": -2.0562212467193604,
            "count": 1
        },
        "PedestrianAgent.Losses.ValueLoss.mean": {
            "value": 0.8622996807098389,
            "min": 0.8622996807098389,
            "max": 0.8622996807098389,
            "count": 1
        },
        "PedestrianAgent.Losses.PolicyLoss.mean": {
            "value": 0.05745480954647064,
            "min": 0.05745480954647064,
            "max": 0.05745480954647064,
            "count": 1
        },
        "PedestrianAgent.Policy.LearningRate.mean": {
            "value": 0.0002837100182659924,
            "min": 0.0002837100182659924,
            "max": 0.0002837100182659924,
            "count": 1
        },
        "PedestrianAgent.Policy.Epsilon.mean": {
            "value": 0.19457000494003296,
            "min": 0.19457000494003296,
            "max": 0.19457000494003296,
            "count": 1
        },
        "PedestrianAgent.Policy.Beta.mean": {
            "value": 0.004729042761027813,
            "min": 0.004729042761027813,
            "max": 0.004729042761027813,
            "count": 1
        },
        "PedestrianAgent.Environment.EpisodeLength.mean": {
            "value": 999.0,
            "min": 999.0,
            "max": 999.0,
            "count": 1
        },
        "PedestrianAgent.Environment.CumulativeReward.mean": {
            "value": -99.9999794960022,
            "min": -99.9999794960022,
            "max": -99.9999794960022,
            "count": 1
        },
        "PedestrianAgent.Policy.ExtrinsicReward.mean": {
            "value": -99.9999794960022,
            "min": -99.9999794960022,
            "max": -99.9999794960022,
            "count": 1
        },
        "PedestrianAgent.IsTraining.mean": {
            "value": 1.0,
            "min": 1.0,
            "max": 1.0,
            "count": 1
        }
    },
    "metadata": {
        "timer_format_version": "0.1.0",
        "start_time_seconds": "1619801100",
        "python_version": "3.8.5 (v3.8.5:580fbb018f, Jul 20 2020, 12:11:27) \n[Clang 6.0 (clang-600.0.57)]",
        "command_line_arguments": "/Library/Frameworks/Python.framework/Versions/3.8/bin/mlagents-learn config/100epochs.yaml --run-id=PedestrianNew --force",
        "mlagents_version": "0.21.0",
        "mlagents_envs_version": "0.21.0",
        "communication_protocol_version": "1.2.0",
        "tensorflow_version": "2.3.0",
        "numpy_version": "1.18.5",
        "end_time_seconds": "1619802039"
    },
    "total": 938.701156521,
    "count": 1,
    "self": 0.008316329000081168,
    "children": {
        "run_training.setup": {
            "total": 0.013837464000000299,
            "count": 1,
            "self": 0.013837464000000299
        },
        "TrainerController.start_learning": {
            "total": 938.679002728,
            "count": 1,
            "self": 1.1105267009994577,
            "children": {
                "TrainerController._reset_env": {
                    "total": 7.231371588,
                    "count": 1,
                    "self": 7.231371588
                },
                "TrainerController.advance": {
                    "total": 929.9344133660004,
                    "count": 4512,
                    "self": 0.046841412998787746,
                    "children": {
                        "env_step": {
                            "total": 929.8875719530016,
                            "count": 4512,
                            "self": 924.245484269005,
                            "children": {
                                "SubprocessEnvManager._take_step": {
                                    "total": 5.59185401999642,
                                    "count": 4512,
                                    "self": 0.12342222499524169,
                                    "children": {
                                        "TFPolicy.evaluate": {
                                            "total": 5.4684317950011785,
                                            "count": 4512,
                                            "self": 5.4684317950011785
                                        }
                                    }
                                },
                                "workers": {
                                    "total": 0.05023366400020812,
                                    "count": 4512,
                                    "self": 0.0,
                                    "children": {
                                        "worker_root": {
                                            "total": 800.9199130059993,
                                            "count": 4512,
                                            "is_parallel": true,
                                            "self": 753.5736352870026,
                                            "children": {
                                                "steps_from_proto": {
                                                    "total": 0.0007359520000003172,
                                                    "count": 1,
                                                    "is_parallel": true,
                                                    "self": 0.00022590699999991415,
                                                    "children": {
                                                        "_process_vector_observation": {
                                                            "total": 0.0005100450000004031,
                                                            "count": 4,
                                                            "is_parallel": true,
                                                            "self": 0.0005100450000004031
                                                        }
                                                    }
                                                },
                                                "UnityEnvironment.step": {
                                                    "total": 47.34554176699666,
                                                    "count": 4512,
                                                    "is_parallel": true,
                                                    "self": 0.7579211849893284,
                                                    "children": {
                                                        "UnityEnvironment._generate_step_input": {
                                                            "total": 0.5635803509996933,
                                                            "count": 4512,
                                                            "is_parallel": true,
                                                            "self": 0.5635803509996933
                                                        },
                                                        "communicator.exchange": {
                                                            "total": 43.76745867500165,
                                                            "count": 4512,
                                                            "is_parallel": true,
                                                            "self": 43.76745867500165
                                                        },
                                                        "steps_from_proto": {
                                                            "total": 2.2565815560059868,
                                                            "count": 4512,
                                                            "is_parallel": true,