{
    "name": "root",
    "gauges": {
        "PedestrianAgent.Policy.Entropy.mean": {
            "value": 3.2926316261291504,
            "min": 3.2926316261291504,
            "max": 3.2926316261291504,
            "count": 1
        },
        "PedestrianAgent.Policy.ExtrinsicValueEstimate.mean": {
            "value": -0.8946254253387451,
            "min": -0.8946254253387451,
            "max": -0.8946254253387451,
            "count": 1
        },
        "PedestrianAgent.Policy.CuriosityValueEstimate.mean": {
            "value": -0.5593208074569702,
            "min": -0.5593208074569702,
            "max": -0.5593208074569702,
            "count": 1
        },
        "PedestrianAgent.IsTraining.mean": {
            "value": 1.0,
            "min": 1.0,
            "max": 1.0,
            "count": 1
        }
    },
    "metadata": {
        "timer_format_version": "0.1.0",
        "start_time_seconds": "1619448522",
        "python_version": "3.8.5 (v3.8.5:580fbb018f, Jul 20 2020, 12:11:27) \n[Clang 6.0 (clang-600.0.57)]",
        "command_line_arguments": "/Library/Frameworks/Python.framework/Versions/3.8/bin/mlagents-learn config/PedestrianAgent.yaml --run-id=PedestrianNew --force",
        "mlagents_version": "0.21.0",
        "mlagents_envs_version": "0.21.0",
        "communication_protocol_version": "1.2.0",
        "tensorflow_version": "2.3.0",
        "numpy_version": "1.18.5",
        "end_time_seconds": "1619448586"
    },
    "total": 63.29403667,
    "count": 1,
    "self": 0.01040935200000348,
    "children": {
        "run_training.setup": {
            "total": 0.009504614999999994,
            "count": 1,
            "self": 0.009504614999999994
        },
        "TrainerController.start_learning": {
            "total": 63.274122702999996,
            "count": 1,
            "self": 1.0102345119999896,
            "children": {
                "TrainerController._reset_env": {
                    "total": 9.501475339999999,
                    "count": 1,
                    "self": 9.501475339999999
                },
                "TrainerController.advance": {
                    "total": 51.706019725999994,
                    "count": 320,
                    "self": 0.004082712999981197,
                    "children": {
                        "env_step": {
                            "total": 51.70193701300001,
                            "count": 320,
                            "self": 50.422185509000045,
                            "children": {
                                "SubprocessEnvManager._take_step": {
                                    "total": 1.275580782999981,
                                    "count": 320,
                                    "self": 0.025275211000019837,
                                    "children": {
                                        "TFPolicy.evaluate": {
                                            "total": 1.2503055719999612,
                                            "count": 320,
                                            "self": 1.2503055719999612
                                        }
                                    }
                                },
                                "workers": {
                                    "total": 0.004170720999990607,
                                    "count": 320,
                                    "self": 0.0,
                                    "children": {
                                        "worker_root": {
                                            "total": 12.809728826000004,
                                            "count": 320,
                                            "is_parallel": true,
                                            "self": 5.28700694799999,
                                            "children": {
                                                "steps_from_proto": {
                                                    "total": 0.0010798969999994412,
                                                    "count": 1,
                                                    "is_parallel": true,
                                                    "self": 0.0002507009999987986,
                                                    "children": {
                                                        "_process_vector_observation": {
                                                            "total": 0.0008291960000006426,
                                                            "count": 4,
                                                            "is_parallel": true,
                                                            "self": 0.0008291960000006426
                                                        }
                                                    }
                                                },
                                                "UnityEnvironment.step": {
                                                    "total": 7.521641981000014,
                                                    "count": 320,
                                                    "is_parallel": true,
                                                    "self": 0.12324331300003877,
                                                    "children": {
                                                        "UnityEnvironment._generate_step_input": {
                                                            "total": 0.10673617299999805,
                                                            "count": 320,
                                                            "is_parallel": true,
                                                            "self": 0.10673617299999805
                                                        },
                                                        "communicator.exchange": {
                                                            "total": 6.937260573999998,
                                                            "count": 320,
                                                            "is_parallel": true,
                                                            "self": 6.937260573999998
                                                        },
                                                        "steps_from_proto": {
                                                            "total": 0.3544019209999796,
                                                            "count": 320,
                                                            "is_parallel": true,
                                                            "self": 0.0727688929999637,
                                                            "children": {
                                                                "_process_vector_observation": {
                                                                    "total": 0.2816330280000159,
                                                                    "count": 1280,
                                                                    "is_parallel": true,
                                                                    "self": 0.2816330280000159
                                                                }
                                                            }
                                                        }
                                                    }
                                                }
                                            }
                                        }
                                    }
                                }
                            }
                        }
                    }
                },
                "trainer_threads": {
                    "total": 4.423300001121788e-05,
                    "count": 1,
                    "self": 4.423300001121788e-05,