{
    "name": "root",
    "metadata": {
        "timer_format_version": "0.1.0",
        "start_time_seconds": "1620065653",
        "python_version": "3.8.5 (default, Sep  4 2020, 02:22:02) \n[Clang 10.0.0 ]",
        "command_line_arguments": "/Users/will/opt/anaconda3/bin/mlagents-learn config/100epochs.yaml --run-id=PedestrianTestDev --resume",
        "mlagents_version": "0.20.0",
        "mlagents_envs_version": "0.20.0",
        "communication_protocol_version": "1.1.0",
        "tensorflow_version": "2.4.1",
        "numpy_version": "1.19.2",
        "end_time_seconds": "1620065679"
    },
    "total": 26.780493194,
    "count": 1,
    "self": 0.0038671970000017097,
    "children": {
        "run_training.setup": {
            "total": 0.01973760399999991,
            "count": 1,
            "self": 0.01973760399999991
        },
        "TrainerController.start_learning": {
            "total": 26.756888393,
            "count": 1,
            "self": 0.0035417679999873997,
            "children": {
                "TrainerController._reset_env": {
                    "total": 13.122596433000002,
                    "count": 1,
                    "self": 13.122596433000002
                },
                "TrainerController.advance": {
                    "total": 12.78582200700001,
                    "count": 114,
                    "self": 0.001391512000001427,
                    "children": {
                        "env_step": {
                            "total": 12.78443049500001,
                            "count": 114,
                            "self": 12.362449066000028,
                            "children": {
                                "SubprocessEnvManager._take_step": {
                                    "total": 0.42067317100000423,
                                    "count": 114,
                                    "self": 0.003704761000022927,
                                    "children": {
                                        "TFPolicy.evaluate": {
                                            "total": 0.4169684099999813,
                                            "count": 114,
                                            "self": 0.4169684099999813
                                        }
                                    }
                                },
                                "workers": {
                                    "total": 0.001308257999976803,
                                    "count": 113,
                                    "self": 0.0,
                                    "children": {
                                        "worker_root": {
                                            "total": 4.485485071000012,
                                            "count": 113,
                                            "is_parallel": true,
                                            "self": 2.4923071060000073,
                                            "children": {
                                                "steps_from_proto": {
                                                    "total": 0.0005801620000003282,
                                                    "count": 1,
                                                    "is_parallel": true,
                                                    "self": 0.00018161499999891362,
                                                    "children": {
                                                        "_process_vector_observation": {
                                                            "total": 0.00039854700000141463,
                                                            "count": 6,
                                                            "is_parallel": true,
                                                            "self": 0.00039854700000141463
                                                        }
                                                    }
                                                },
                                                "UnityEnvironment.step": {
                                                    "total": 1.9925978030000042,
                                                    "count": 113,
                                                    "is_parallel": true,
                                                    "self": 0.018958975999996852,
                                                    "children": {
                                                        "UnityEnvironment._generate_step_input": {
                                                            "total": 0.013049737999994093,
                                                            "count": 113,
                                                            "is_parallel": true,
                                                            "self": 0.013049737999994093
                                                        },
                                                        "communicator.exchange": {
                                                            "total": 1.8924818700000117,
                                                            "count": 113,
                                                            "is_parallel": true,
                                                            "self": 1.8924818700000117
                                                        },
                                                        "steps_from_proto": {
                                                            "total": 0.0681072190000016,
                                                            "count": 113,
                                                            "is_parallel": true,
                                                            "self": 0.019845542000011207,
                                                            "children": {
                                                                "_process_vector_observation": {
                                                                    "total": 0.0482616769999904,
                                                                    "count": 678,
                                                                    "is_parallel": true,
                                                                    "self": 0.0482616769999904
                                                                }
                                                            }
                                                        }
                                                    }
                                                }
                                            }
                                        }
                                    }
                                }
                            }
                        }
                    }
                },
                "trainer_threads": {
                    "total": 1.2109000000037895e-05,
                    "count": 1,
                    "self": 1.2109000000037895e-05,
                    "children": {
                        "thread_root": {
                            "total": 0.0,
                            "count": 0,
                            "is_parallel": true,
                            "self": 0.0,
                            "children": {
                                "trainer_advance": {
                                    "total": 12.398795725000252,
                                    "count": 85383,
                                    "is_parallel": true,
                                    "self": 0.6955669350003788,
                                    "children": {
                                        "process_trajectory": {
                                            "total": 11.703228789999873,
                                            "count": 85383,
                                            "is_parallel": true,