{"cameraMode":{"drawMode":0,"name":"Shaded","section":"Shading Mode"},"sceneLighting":false,"audioPlay":false,"sceneViewState":{"showFog":false,"showMaterialUpdate":false,"showSkybox":false,"showFlares":false,"showImageEffects":false,"showParticleSystems":false},"in2DMode":false,"pivot":{"x":-6.8156280517578129,"y":-17.08338165283203,"z":72.49385833740235},"rotation":{"x":-0.1671513170003891,"y":0.7443451285362244,"z":-0.20264939963817597,"w":-0.6139584183692932},"size":101.09729766845703,"orthographic":false}