{"cameraMode":{"drawMode":0,"name":"Shaded","section":"Shading Mode"},"sceneLighting":true,"audioPlay":false,"sceneViewState":{"showFog":false,"showMaterialUpdate":false,"showSkybox":true,"showFlares":false,"showImageEffects":false,"showParticleSystems":false},"in2DMode":false,"pivot":{"x":-19.60921287536621,"y":-61.481407165527347,"z":-34.962093353271487},"rotation":{"x":0.4908260405063629,"y":-0.028457002714276315,"z":0.016079682856798173,"w":0.8707031011581421},"size":56.5721321105957,"orthographic":false}