{"cameraMode":{"drawMode":0,"name":"Shaded","section":"Shading Mode"},"sceneLighting":true,"audioPlay":false,"sceneViewState":{"showFog":false,"showMaterialUpdate":false,"showSkybox":true,"showFlares":false,"showImageEffects":false,"showParticleSystems":false},"in2DMode":false,"pivot":{"x":-4.350481986999512,"y":-58.37031555175781,"z":-26.650653839111329},"rotation":{"x":0.4486994743347168,"y":0.009678482078015805,"z":-0.004814414773136377,"w":0.893678605556488},"size":53.818603515625,"orthographic":false}