{"cameraMode":{"drawMode":0,"name":"Shaded","section":"Shading Mode"},"sceneLighting":false,"audioPlay":false,"sceneViewState":{"showFog":false,"showMaterialUpdate":false,"showSkybox":false,"showFlares":false,"showImageEffects":false,"showParticleSystems":false},"in2DMode":false,"pivot":{"x":7.046957969665527,"y":16.69658088684082,"z":-84.98505401611328},"rotation":{"x":0.23395772278308869,"y":-0.6094307899475098,"z":0.19476725161075593,"w":0.7321398854255676},"size":8.046775817871094,"orthographic":false}