{"cameraMode":{"drawMode":0,"name":"Shaded","section":"Shading Mode"},"sceneLighting":true,"audioPlay":false,"sceneViewState":{"showFog":false,"showMaterialUpdate":false,"showSkybox":true,"showFlares":false,"showImageEffects":false,"showParticleSystems":false},"in2DMode":false,"pivot":{"x":4.741718769073486,"y":-23.908510208129884,"z":3.857670307159424},"rotation":{"x":-0.6298201680183411,"y":-0.005597207695245743,"z":0.0045644361525774,"w":-0.7767571210861206},"size":34.29094696044922,"orthographic":false}