{"cameraMode":{"drawMode":0,"name":"Shaded","section":"Shading Mode"},"sceneLighting":true,"audioPlay":false,"sceneViewState":{"showFog":false,"showMaterialUpdate":false,"showSkybox":true,"showFlares":false,"showImageEffects":false,"showParticleSystems":false},"in2DMode":false,"pivot":{"x":4.738893508911133,"y":-22.970745086669923,"z":3.6596789360046388},"rotation":{"x":-0.6298201680183411,"y":-0.005597207695245743,"z":0.0045644361525774,"w":-0.7767571210861206},"size":43.97911071777344,"orthographic":false}