{"cameraMode":{"drawMode":0,"name":"Shaded","section":"Shading Mode"},"sceneLighting":true,"audioPlay":false,"sceneViewState":{"showFog":false,"showMaterialUpdate":false,"showSkybox":true,"showFlares":false,"showImageEffects":false,"showParticleSystems":false},"in2DMode":false,"pivot":{"x":-1.3980698585510255,"y":-1.691573143005371,"z":9.415013313293457},"rotation":{"x":-0.22325952351093293,"y":0.03681924566626549,"z":-0.008422465063631535,"w":-0.9740620851516724},"size":38.23916244506836,"orthographic":false}