{
    "name": "root",
    "metadata": {
        "timer_format_version": "0.1.0",
        "start_time_seconds": "1619975778",
        "python_version": "3.8.5 (v3.8.5:580fbb018f, Jul 20 2020, 12:11:27) \n[Clang 6.0 (clang-600.0.57)]",
        "command_line_arguments": "/Library/Frameworks/Python.framework/Versions/3.8/bin/mlagents-learn config/100epochs.yaml --run-id=PedestrianTest --force",
        "mlagents_version": "0.21.0",
        "mlagents_envs_version": "0.21.0",
        "communication_protocol_version": "1.2.0",
        "tensorflow_version": "2.3.0",
        "numpy_version": "1.18.5",
        "end_time_seconds": "1619975864"
    },
    "total": 85.96575362,
    "count": 1,
    "self": 0.003961750999991409,
    "children": {
        "run_training.setup": {
            "total": 0.010774987000000014,
            "count": 1,
            "self": 0.010774987000000014
        },
        "TrainerController.start_learning": {
            "total": 85.951016882,
            "count": 1,
            "self": 0.011083571000000347,
            "children": {
                "TrainerController._reset_env": {
                    "total": 8.846257361,
                    "count": 1,
                    "self": 8.846257361
                },
                "TrainerController.advance": {
                    "total": 76.378156684,
                    "count": 501,
                    "self": 0.005329391000003625,
                    "children": {
                        "env_step": {
                            "total": 76.372827293,
                            "count": 501,
                            "self": 75.33340428500004,
                            "children": {
                                "SubprocessEnvManager._take_step": {
                                    "total": 1.0343036379999688,
                                    "count": 501,
                                    "self": 0.022352710999951952,
                                    "children": {
                                        "TFPolicy.evaluate": {
                                            "total": 1.0119509270000169,
                                            "count": 500,
                                            "self": 1.0119509270000169
                                        }
                                    }
                                },
                                "workers": {
                                    "total": 0.0051193699999849684,
                                    "count": 500,
                                    "self": 0.0,
                                    "children": {
                                        "worker_root": {
                                            "total": 18.247410823999992,
                                            "count": 500,
                                            "is_parallel": true,
                                            "self": 4.055941248999982,
                                            "children": {
                                                "steps_from_proto": {
                                                    "total": 0.0013349490000003073,
                                                    "count": 1,
                                                    "is_parallel": true,
                                                    "self": 0.0002663230000008454,
                                                    "children": {
                                                        "_process_vector_observation": {
                                                            "total": 0.0010686259999994618,
                                                            "count": 6,
                                                            "is_parallel": true,
                                                            "self": 0.0010686259999994618
                                                        }
                                                    }
                                                },
                                                "UnityEnvironment.step": {
                                                    "total": 14.19013462600001,
                                                    "count": 500,
                                                    "is_parallel": true,
                                                    "self": 0.1631890840000434,
                                                    "children": {
                                                        "UnityEnvironment._generate_step_input": {
                                                            "total": 0.08871528599999756,
                                                            "count": 500,
                                                            "is_parallel": true,
                                                            "self": 0.08871528599999756
                                                        },
                                                        "communicator.exchange": {
                                                            "total": 13.407338881999989,
                                                            "count": 500,
                                                            "is_parallel": true,
                                                            "self": 13.407338881999989
                                                        },
                                                        "steps_from_proto": {
                                                            "total": 0.5308913739999799,
                                                            "count": 500,
                                                            "is_parallel": true,
                                                            "self": 0.09308494399998501,
                                                            "children": {
                                                                "_process_vector_observation": {
                                                                    "total": 0.43780642999999486,
                                                                    "count": 3000,
                                                                    "is_parallel": true,
                                                                    "self": 0.43780642999999486
                                                                }
                                                            }
                                                        }
                                                    }
                                                }
                                            }
                                        }
                                    }
                                }
                            }
                        }
                    }
                },
                "TrainerController._save_models": {
                    "total": 0.7155192660000012,
                    "count": 1,
                    "self": 0.0007684090000026345,
                    "children": {
                        "RLTrainer._checkpoint": {
                            "total": 0.7147508569999985,
                            "count": 1,
                            "self": 0.7147508569999985
                        }
                    }
                }
            }
        }
    }
}