{
    "name": "root",
    "metadata": {
        "timer_format_version": "0.1.0",
        "start_time_seconds": "1619958977",
        "python_version": "3.8.5 (v3.8.5:580fbb018f, Jul 20 2020, 12:11:27) \n[Clang 6.0 (clang-600.0.57)]",
        "command_line_arguments": "/Library/Frameworks/Python.framework/Versions/3.8/bin/mlagents-learn config/100epochs.yaml --run-id=Pedestrian500epochsSensor --resume",
        "mlagents_version": "0.21.0",
        "mlagents_envs_version": "0.21.0",
        "communication_protocol_version": "1.2.0",
        "tensorflow_version": "2.3.0",
        "numpy_version": "1.18.5",
        "end_time_seconds": "1619959167"
    },
    "total": 190.02677658,
    "count": 1,
    "self": 0.004601304999994227,
    "children": {
        "run_training.setup": {
            "total": 0.0301953079999997,
            "count": 1,
            "self": 0.0301953079999997
        },
        "TrainerController.start_learning": {
            "total": 189.991979967,
            "count": 1,
            "self": 0.18507281400025022,
            "children": {
                "TrainerController._reset_env": {
                    "total": 10.185781801000001,
                    "count": 1,
                    "self": 10.185781801000001
                },
                "TrainerController.advance": {
                    "total": 179.25814228099972,
                    "count": 8657,
                    "self": 0.08391456599986213,
                    "children": {
                        "env_step": {
                            "total": 179.17422771499986,
                            "count": 8657,
                            "self": 173.78671402500063,
                            "children": {
                                "SubprocessEnvManager._take_step": {
                                    "total": 5.297949072999236,
                                    "count": 8657,
                                    "self": 0.16571929599887092,
                                    "children": {
                                        "TFPolicy.evaluate": {
                                            "total": 5.132229777000365,
                                            "count": 8616,
                                            "self": 5.132229777000365
                                        }
                                    }
                                },
                                "workers": {
                                    "total": 0.08956461699997931,
                                    "count": 8656,
                                    "self": 0.0,
                                    "children": {
                                        "worker_root": {
                                            "total": 180.24656597399965,
                                            "count": 8656,
                                            "is_parallel": true,
                                            "self": 12.271167564000649,
                                            "children": {
                                                "steps_from_proto": {
                                                    "total": 0.0004873439999997231,
                                                    "count": 1,
                                                    "is_parallel": true,
                                                    "self": 0.00023663400000017987,
                                                    "children": {
                                                        "_process_vector_observation": {
                                                            "total": 0.00025070999999954324,
                                                            "count": 4,
                                                            "is_parallel": true,
                                                            "self": 0.00025070999999954324
                                                        }
                                                    }
                                                },
                                                "UnityEnvironment.step": {
                                                    "total": 167.974911065999,
                                                    "count": 8656,
                                                    "is_parallel": true,
                                                    "self": 0.6570499259989901,
                                                    "children": {
                                                        "UnityEnvironment._generate_step_input": {
                                                            "total": 0.37034273600002265,
                                                            "count": 8656,
                                                            "is_parallel": true,
                                                            "self": 0.37034273600002265
                                                        },
                                                        "communicator.exchange": {
                                                            "total": 164.64524590500034,
                                                            "count": 8656,
                                                            "is_parallel": true,
                                                            "self": 164.64524590500034
                                                        },
                                                        "steps_from_proto": {
                                                            "total": 2.302272498999649,
                                                            "count": 8656,
                                                            "is_parallel": true,
                                                            "self": 1.1621555110009485,
                                                            "children": {
                                                                "_process_vector_observation": {
                                                                    "total": 1.1401169879987005,
                                                                    "count": 34624,
                                                                    "is_parallel": true,
                                                                    "self": 1.1401169879987005
                                                                }
                                                            }
                                                        }
                                                    }
                                                }
                                            }
                                        }
                                    }
                                }
                            }
                        }
                    }
                },
                "trainer_threads": {
                    "total": 1.4524000022220207e-05,
                    "count": 1,
                    "self": 1.4524000022220207e-05,
                    "children": {
                        "thread_root": {
                            "total": 0.0,
                            "count": 0,
                            "is_parallel": true,
                            "self": 0.0,
                            "children": {
                                "trainer_advance": {
                                    "total": 172.72164256399427,
                                    "count": 1132685,
                                    "is_parallel": true,
                                    "self": 11.180169159999423,
                                    "children": {
                                        "process_trajectory": {
                                            "total": 161.54147340399484,
                                            "count": 1132685,