{
    "name": "root",
    "gauges": {
        "PedestrianAgent.Policy.Entropy.mean": {
            "value": 2.711456060409546,
            "min": 2.711456060409546,
            "max": 3.158217430114746,
            "count": 10
        },
        "PedestrianAgent.Policy.ExtrinsicValueEstimate.mean": {
            "value": -0.667917788028717,
            "min": -3.412707805633545,
            "max": -0.667917788028717,
            "count": 10
        },
        "PedestrianAgent.Environment.EpisodeLength.mean": {
            "value": 644.367088607595,
            "min": 555.6590909090909,
            "max": 849.1034482758621,
            "count": 10
        },
        "PedestrianAgent.Environment.CumulativeReward.mean": {
            "value": -0.764346623649964,
            "min": -5.737552335036212,
            "max": 0.6869996149431575,
            "count": 10
        },
        "PedestrianAgent.Policy.ExtrinsicReward.mean": {
            "value": -0.764346623649964,
            "min": -5.737552335036212,
            "max": 0.6869996149431575,
            "count": 10
        },
        "PedestrianAgent.Losses.ValueLoss.mean": {
            "value": 0.68043053150177,
            "min": 0.4001578390598297,
            "max": 0.796827495098114,
            "count": 10
        },
        "PedestrianAgent.Losses.PolicyLoss.mean": {
            "value": 0.026344995945692062,
            "min": 0.026344995945692062,
            "max": 0.036539461463689804,
            "count": 10
        },
        "PedestrianAgent.Policy.LearningRate.mean": {
            "value": 1.622325726202689e-05,
            "min": 1.622325726202689e-05,
            "max": 0.0002843526308424771,
            "count": 10
        },
        "PedestrianAgent.Policy.Epsilon.mean": {
            "value": 0.10540771484375,
            "min": 0.10540771484375,
            "max": 0.19478419423103333,
            "count": 10
        },
        "PedestrianAgent.Policy.Beta.mean": {
            "value": 0.0002798452624119818,
            "min": 0.0002798452624119818,
            "max": 0.004739731550216675,
            "count": 10
        },
        "PedestrianAgent.IsTraining.mean": {
            "value": 1.0,
            "min": 1.0,
            "max": 1.0,
            "count": 10
        }
    },
    "metadata": {
        "timer_format_version": "0.1.0",
        "start_time_seconds": "1619437566",
        "python_version": "3.8.5 (v3.8.5:580fbb018f, Jul 20 2020, 12:11:27) \n[Clang 6.0 (clang-600.0.57)]",
        "command_line_arguments": "/Library/Frameworks/Python.framework/Versions/3.8/bin/mlagents-learn config/PedestrianAgentNew.yaml --run-id=Pedestrian --force",
        "mlagents_version": "0.21.0",
        "mlagents_envs_version": "0.21.0",
        "communication_protocol_version": "1.2.0",
        "tensorflow_version": "2.3.0",
        "numpy_version": "1.18.5",
        "end_time_seconds": "1619439733"
    },
    "total": 2166.9128168879997,
    "count": 1,
    "self": 0.22481680600003529,
    "children": {
        "run_training.setup": {
            "total": 0.016032641000000236,
            "count": 1,
            "self": 0.016032641000000236
        },
        "TrainerController.start_learning": {
            "total": 2166.6719674409997,
            "count": 1,
            "self": 1.3137084669770047,
            "children": {
                "TrainerController._reset_env": {
                    "total": 12.929800340999998,
                    "count": 1,
                    "self": 12.929800340999998
                },
                "TrainerController.advance": {
                    "total": 2152.1292087130228,
                    "count": 56254,
                    "self": 0.6084510770369889,
                    "children": {
                        "env_step": {
                            "total": 2151.520757635986,
                            "count": 56254,
                            "self": 2090.6958510669533,
                            "children": {
                                "SubprocessEnvManager._take_step": {
                                    "total": 60.161529997010575,
                                    "count": 56254,
                                    "self": 1.390927452008512,
                                    "children": {
                                        "TFPolicy.evaluate": {
                                            "total": 58.77060254500206,
                                            "count": 55607,
                                            "self": 58.77060254500206
                                        }
                                    }
                                },
                                "workers": {
                                    "total": 0.6633765720218712,
                                    "count": 56254,
                                    "self": 0.0,
                                    "children": {
                                        "worker_root": {
                                            "total": 2152.8836124769973,
                                            "count": 56254,
                                            "is_parallel": true,
                                            "self": 1469.7111139309823,
                                            "children": {
                                                "steps_from_proto": {
                                                    "total": 0.0005050299999993513,
                                                    "count": 1,
                                                    "is_parallel": true,
                                                    "self": 0.00019857500000064476,
                                                    "children": {
                                                        "_process_vector_observation": {
                                                            "total": 0.0003064549999987065,
                                                            "count": 4,
                                                            "is_parallel": true,
                                                            "self": 0.0003064549999987065
                                                        }
                                                    }
                                                },
                                                "UnityEnvironment.step": {
                                                    "total": 683.1719935160152,
                                                    "count": 56254,
                                                    "is_parallel": true,
                                                    "self": 7.5423815190429195,
                                                    "children": {
                                                        "UnityEnvironment._generate_step_input": {
                                                            "total": 5.335917918993076,
                                                            "count": 56254,
                                                            "is_parallel": true,
                                                            "self": 5.335917918993076
                                                        },
                                                        "communicator.exchange": {
                                                            "total": 647.1975363480076,
                                                            "count": 56254,
                                                            "is_parallel": true,
                                                            "self": 647.1975363480076
                                                        },
                                                        "steps_from_proto": {
                                                            "total": 23.09615772997155,
                                                            "count": 56254,