{
    "name": "root",
    "metadata": {
        "timer_format_version": "0.1.0",
        "start_time_seconds": "1619295980",
        "python_version": "3.8.5 (v3.8.5:580fbb018f, Jul 20 2020, 12:11:27) \n[Clang 6.0 (clang-600.0.57)]",
        "command_line_arguments": "/Library/Frameworks/Python.framework/Versions/3.8/bin/mlagents-learn config/PedestrianAgentNew.yaml --run-id=Pedestrian --force",
        "mlagents_version": "0.21.0",
        "mlagents_envs_version": "0.21.0",
        "communication_protocol_version": "1.2.0",
        "tensorflow_version": "2.3.0",
        "numpy_version": "1.18.5",
        "end_time_seconds": "1619296014"
    },
    "total": 34.564977627,
    "count": 1,
    "self": 0.0045327379999946515,
    "children": {
        "run_training.setup": {
            "total": 0.011631571000000118,
            "count": 1,
            "self": 0.011631571000000118
        },
        "TrainerController.start_learning": {
            "total": 34.548813318,
            "count": 1,
            "self": 0.05859563200001361,
            "children": {
                "TrainerController._reset_env": {
                    "total": 11.432780258000001,
                    "count": 1,
                    "self": 11.432780258000001
                },
                "TrainerController.advance": {
                    "total": 22.75254311899999,
                    "count": 3046,
                    "self": 0.027487255999965043,
                    "children": {
                        "env_step": {
                            "total": 22.725055863000026,
                            "count": 3046,
                            "self": 21.28455520900016,
                            "children": {
                                "SubprocessEnvManager._take_step": {
                                    "total": 1.4106115049999488,
                                    "count": 3046,
                                    "self": 0.05468298000011629,
                                    "children": {
                                        "TFPolicy.evaluate": {
                                            "total": 1.3559285249998325,
                                            "count": 3046,
                                            "self": 1.3559285249998325
                                        }
                                    }
                                },
                                "workers": {
                                    "total": 0.029889148999918902,
                                    "count": 3045,
                                    "self": 0.0,
                                    "children": {
                                        "worker_root": {
                                            "total": 23.446252248999986,
                                            "count": 3045,
                                            "is_parallel": true,
                                            "self": 3.985179769999892,
                                            "children": {
                                                "steps_from_proto": {
                                                    "total": 0.00026530700000115814,
                                                    "count": 1,
                                                    "is_parallel": true,
                                                    "self": 8.069800000143346e-05,
                                                    "children": {
                                                        "_process_vector_observation": {
                                                            "total": 0.0001846089999997247,
                                                            "count": 4,
                                                            "is_parallel": true,
                                                            "self": 0.0001846089999997247
                                                        }
                                                    }
                                                },
                                                "UnityEnvironment.step": {
                                                    "total": 19.46080717200009,
                                                    "count": 3045,
                                                    "is_parallel": true,
                                                    "self": 0.2051525430000538,
                                                    "children": {
                                                        "UnityEnvironment._generate_step_input": {
                                                            "total": 0.12116994699997718,
                                                            "count": 3045,
                                                            "is_parallel": true,
                                                            "self": 0.12116994699997718
                                                        },
                                                        "communicator.exchange": {
                                                            "total": 18.56351142200009,
                                                            "count": 3045,
                                                            "is_parallel": true,
                                                            "self": 18.56351142200009
                                                        },
                                                        "steps_from_proto": {
                                                            "total": 0.5709732599999704,
                                                            "count": 3045,
                                                            "is_parallel": true,
                                                            "self": 0.21404229199989722,
                                                            "children": {
                                                                "_process_vector_observation": {
                                                                    "total": 0.3569309680000732,
                                                                    "count": 12180,
                                                                    "is_parallel": true,
                                                                    "self": 0.3569309680000732
                                                                }
                                                            }
                                                        }
                                                    }
                                                }
                                            }
                                        }
                                    }
                                }
                            }
                        }
                    }
                },
                "trainer_threads": {
                    "total": 1.3469999998960702e-05,
                    "count": 1,
                    "self": 1.3469999998960702e-05,
                    "children": {
                        "thread_root": {
                            "total": 0.0,
                            "count": 0,
                            "is_parallel": true,
                            "self": 0.0,
                            "children": {
                                "trainer_advance": {
                                    "total": 22.047260509000495,
                                    "count": 141159,
                                    "is_parallel": true,
                                    "self": 1.3793596680006495,
                                    "children": {
                                        "process_trajectory": {
                                            "total": 20.667900840999845,
                                            "count": 141159,