{
    "name": "root",
    "metadata": {
        "timer_format_version": "0.1.0",
        "start_time_seconds": "1619276809",
        "python_version": "3.8.5 (v3.8.5:580fbb018f, Jul 20 2020, 12:11:27) \n[Clang 6.0 (clang-600.0.57)]",
        "command_line_arguments": "/Library/Frameworks/Python.framework/Versions/3.8/bin/mlagents-learn config/Pedestrian.yaml --run-id=Pedestrian --force",
        "mlagents_version": "0.21.0",
        "mlagents_envs_version": "0.21.0",
        "communication_protocol_version": "1.2.0",
        "tensorflow_version": "2.3.0",
        "numpy_version": "1.18.5",
        "end_time_seconds": "1619276838"
    },
    "total": 29.329792278000003,
    "count": 1,
    "self": 0.0049422230000004674,
    "children": {
        "run_training.setup": {
            "total": 0.028702778000003093,
            "count": 1,
            "self": 0.028702778000003093
        },
        "TrainerController.start_learning": {
            "total": 29.296147277,
            "count": 1,
            "self": 0.05056175499982274,
            "children": {
                "TrainerController._reset_env": {
                    "total": 10.077136914,
                    "count": 1,
                    "self": 10.077136914
                },
                "TrainerController.advance": {
                    "total": 18.84932049100017,
                    "count": 2384,
                    "self": 0.023844887000052495,
                    "children": {
                        "env_step": {
                            "total": 18.82547560400012,
                            "count": 2384,
                            "self": 18.17819074000044,
                            "children": {
                                "SubprocessEnvManager._take_step": {
                                    "total": 0.6212643979995924,
                                    "count": 2384,
                                    "self": 0.03267738499954831,
                                    "children": {
                                        "TFPolicy.evaluate": {
                                            "total": 0.5885870130000441,
                                            "count": 654,
                                            "self": 0.5885870130000441
                                        }
                                    }
                                },
                                "workers": {
                                    "total": 0.02602046600008734,
                                    "count": 2383,
                                    "self": 0.0,
                                    "children": {
                                        "worker_root": {
                                            "total": 19.604108369000038,
                                            "count": 2383,
                                            "is_parallel": true,
                                            "self": 4.155667574000104,
                                            "children": {
                                                "steps_from_proto": {
                                                    "total": 0.0006648909999995567,
                                                    "count": 1,
                                                    "is_parallel": true,
                                                    "self": 0.00011195399999763822,
                                                    "children": {
                                                        "_process_vector_observation": {
                                                            "total": 0.0005529370000019185,
                                                            "count": 4,
                                                            "is_parallel": true,
                                                            "self": 0.0005529370000019185
                                                        }
                                                    }
                                                },
                                                "UnityEnvironment.step": {
                                                    "total": 15.447775903999934,
                                                    "count": 2383,
                                                    "is_parallel": true,
                                                    "self": 0.30174220000008667,
                                                    "children": {
                                                        "UnityEnvironment._generate_step_input": {
                                                            "total": 0.18440066599987048,
                                                            "count": 2383,
                                                            "is_parallel": true,
                                                            "self": 0.18440066599987048
                                                        },
                                                        "communicator.exchange": {
                                                            "total": 14.155361526999927,
                                                            "count": 2383,
                                                            "is_parallel": true,
                                                            "self": 14.155361526999927
                                                        },
                                                        "steps_from_proto": {
                                                            "total": 0.80627151100005,
                                                            "count": 2383,
                                                            "is_parallel": true,
                                                            "self": 0.21060786200017567,
                                                            "children": {
                                                                "_process_vector_observation": {
                                                                    "total": 0.5956636489998743,
                                                                    "count": 9532,
                                                                    "is_parallel": true,
                                                                    "self": 0.5956636489998743
                                                                }
                                                            }
                                                        }
                                                    }
                                                }
                                            }
                                        }
                                    }
                                }
                            }
                        }
                    }
                },
                "trainer_threads": {
                    "total": 3.663800000452966e-05,
                    "count": 1,
                    "self": 3.663800000452966e-05,
                    "children": {
                        "thread_root": {
                            "total": 0.0,
                            "count": 0,
                            "is_parallel": true,
                            "self": 0.0,
                            "children": {
                                "trainer_advance": {
                                    "total": 18.36384692999997,
                                    "count": 80550,
                                    "is_parallel": true,
                                    "self": 0.9251949569997002,
                                    "children": {
                                        "process_trajectory": {
                                            "total": 16.271508211000267,
                                            "count": 80550,